epoch,time,train/box_loss,train/cls_loss,train/dfl_loss,metrics/precision(B),metrics/recall(B),metrics/mAP50(B),metrics/mAP50-95(B),val/box_loss,val/cls_loss,val/dfl_loss,lr/pg0,lr/pg1,lr/pg2
1,167.91,2.12592,1.99453,2.30556,0.70088,0.66402,0.7158,0.35321,1.7905,1.42563,2.17422,0.000332837,0.000332837,0.0670491
2,340.947,2.03333,1.79871,2.21171,0.71625,0.67307,0.72709,0.36113,1.79021,1.38871,2.16962,0.000662873,0.000662873,0.0340458
3,504.034,2.01475,1.7764,2.1859,0.70332,0.64732,0.71334,0.35608,1.80697,1.39691,2.16723,0.000989609,0.000989609,0.00103921
4,667.269,2.01322,1.76619,2.19248,0.73659,0.6743,0.74511,0.37293,1.79906,1.43712,2.19178,0.00098515,0.00098515,0.00098515
5,842,1.98288,1.72445,2.16801,0.70278,0.66444,0.7205,0.36693,1.76424,1.37634,2.13214,0.0009802,0.0009802,0.0009802
6,1006.61,1.9771,1.70175,2.15294,0.73508,0.67278,0.74726,0.37352,1.7683,1.35529,2.14567,0.00097525,0.00097525,0.00097525
7,1170.79,1.94033,1.68663,2.13342,0.72684,0.69548,0.75505,0.39362,1.72317,1.32725,2.12094,0.0009703,0.0009703,0.0009703
8,1329.42,1.93869,1.67393,2.12064,0.73763,0.71773,0.77707,0.41035,1.72116,1.30184,2.10571,0.00096535,0.00096535,0.00096535
9,1485,1.93719,1.65852,2.12172,0.75844,0.72633,0.78682,0.42181,1.7168,1.25028,2.10767,0.0009604,0.0009604,0.0009604
10,1650.63,1.92212,1.63825,2.1066,0.74026,0.7269,0.7809,0.41491,1.70979,1.2726,2.08782,0.00095545,0.00095545,0.00095545
11,1816.86,1.95222,1.65284,2.1256,0.77671,0.71804,0.79134,0.42497,1.68043,1.24855,2.0658,0.0009505,0.0009505,0.0009505
12,1973.43,1.92048,1.63753,2.12475,0.76431,0.73144,0.78819,0.42079,1.69527,1.26073,2.07592,0.00094555,0.00094555,0.00094555
13,2143.62,1.92364,1.62939,2.11401,0.77979,0.71904,0.7902,0.425,1.70285,1.21738,2.04771,0.0009406,0.0009406,0.0009406
14,2311.27,1.90547,1.60883,2.09938,0.77336,0.74539,0.81142,0.42628,1.69646,1.18499,2.07603,0.00093565,0.00093565,0.00093565
15,2476.07,1.91196,1.61923,2.10755,0.78326,0.74626,0.81033,0.44535,1.64546,1.19586,2.03622,0.0009307,0.0009307,0.0009307
16,2638.33,1.90027,1.59381,2.09119,0.79746,0.7558,0.81933,0.44937,1.65554,1.17194,2.03875,0.00092575,0.00092575,0.00092575
17,2807.45,1.89733,1.58383,2.08715,0.80197,0.76827,0.8294,0.45802,1.64834,1.15881,2.02646,0.0009208,0.0009208,0.0009208
18,2981.03,1.88264,1.56801,2.08751,0.77837,0.77133,0.82646,0.4554,1.64316,1.13149,2.03362,0.00091585,0.00091585,0.00091585
19,3152.06,1.88178,1.55967,2.07738,0.80164,0.77278,0.82114,0.45458,1.62363,1.15307,2.00041,0.0009109,0.0009109,0.0009109
20,3322.95,1.88221,1.55552,2.07687,0.80192,0.75977,0.83093,0.45667,1.64352,1.14862,2.03104,0.00090595,0.00090595,0.00090595
21,3486.9,1.88178,1.56224,2.0739,0.80782,0.76632,0.83053,0.45977,1.62163,1.16005,2.01624,0.000901,0.000901,0.000901
22,3648.93,1.86025,1.5201,2.05974,0.81733,0.76383,0.84239,0.46803,1.63119,1.12994,2.02549,0.00089605,0.00089605,0.00089605
23,3809.57,1.86785,1.53275,2.05733,0.80844,0.77044,0.83288,0.47492,1.6094,1.11281,1.98533,0.0008911,0.0008911,0.0008911
24,3982.8,1.85375,1.51698,2.06008,0.80716,0.78402,0.83535,0.47458,1.59548,1.10705,1.99724,0.00088615,0.00088615,0.00088615
25,4149.65,1.84057,1.50121,2.04263,0.81498,0.7902,0.84869,0.48725,1.57178,1.09207,1.98026,0.0008812,0.0008812,0.0008812
26,4306.33,1.83488,1.50523,2.03792,0.83999,0.8021,0.85992,0.497,1.55758,1.05627,1.95074,0.00087625,0.00087625,0.00087625
27,4469.91,1.83344,1.47832,2.02157,0.82156,0.79745,0.85054,0.48756,1.56462,1.06845,1.94179,0.0008713,0.0008713,0.0008713
28,4639.66,1.82234,1.48176,2.03664,0.84093,0.77745,0.85581,0.49192,1.56709,1.07101,1.93889,0.00086635,0.00086635,0.00086635
29,4810.54,1.82082,1.4559,2.02061,0.83949,0.78146,0.86153,0.49603,1.56216,1.06052,1.94889,0.0008614,0.0008614,0.0008614
30,4977.62,1.81788,1.46706,2.00865,0.84546,0.80063,0.86298,0.50085,1.54912,1.0308,1.93979,0.00085645,0.00085645,0.00085645
31,5139.58,1.81549,1.46779,2.01911,0.84938,0.79953,0.8691,0.51085,1.52552,1.03173,1.90699,0.0008515,0.0008515,0.0008515
32,5307.9,1.79956,1.45533,2.01225,0.82588,0.80251,0.86672,0.51548,1.50885,1.01469,1.88434,0.00084655,0.00084655,0.00084655
33,5468.07,1.78833,1.44201,2.00043,0.81937,0.79981,0.86628,0.51551,1.51382,1.02531,1.89932,0.0008416,0.0008416,0.0008416
34,5632.24,1.79093,1.4342,1.98759,0.84301,0.78943,0.8642,0.50437,1.54485,1.01618,1.91367,0.00083665,0.00083665,0.00083665
35,5799.85,1.79236,1.43611,1.98814,0.85222,0.8072,0.87578,0.5256,1.47919,0.99462,1.86247,0.0008317,0.0008317,0.0008317
36,5969.62,1.78363,1.42369,1.98974,0.85542,0.80827,0.87647,0.5278,1.48448,0.995,1.88098,0.00082675,0.00082675,0.00082675
37,6134.45,1.76505,1.40619,1.97984,0.8343,0.81332,0.87028,0.52378,1.48934,0.99679,1.86397,0.0008218,0.0008218,0.0008218
38,6304.77,1.76737,1.40978,1.96145,0.85225,0.80613,0.87988,0.53734,1.46281,0.96638,1.85148,0.00081685,0.00081685,0.00081685
39,6464.5,1.7737,1.40852,1.98747,0.83373,0.8152,0.87501,0.53084,1.47199,0.96741,1.86069,0.0008119,0.0008119,0.0008119
40,6632.18,1.75289,1.39394,1.96833,0.84616,0.82484,0.87935,0.54153,1.44424,0.96164,1.83652,0.00080695,0.00080695,0.00080695
41,6798.52,1.75454,1.38037,1.95986,0.85592,0.81957,0.88398,0.54037,1.46434,0.94619,1.83425,0.000802,0.000802,0.000802
42,6963.65,1.74164,1.37516,1.9637,0.85882,0.80003,0.87727,0.54994,1.41825,0.94903,1.81304,0.00079705,0.00079705,0.00079705
43,7127.64,1.73426,1.3696,1.94996,0.86993,0.81571,0.8863,0.5468,1.43036,0.93043,1.81107,0.0007921,0.0007921,0.0007921
44,7296.66,1.73355,1.36837,1.9497,0.85642,0.81465,0.88583,0.55096,1.43416,0.9339,1.80776,0.00078715,0.00078715,0.00078715
45,7462.12,1.74425,1.36344,1.95995,0.87272,0.82198,0.89045,0.54923,1.42975,0.92923,1.82673,0.0007822,0.0007822,0.0007822
46,7629.45,1.73382,1.34863,1.93883,0.86425,0.81394,0.8915,0.55561,1.42429,0.92537,1.80572,0.00077725,0.00077725,0.00077725
47,7796.44,1.72488,1.34996,1.94193,0.86193,0.83285,0.89266,0.56271,1.40202,0.90907,1.80042,0.0007723,0.0007723,0.0007723
48,7954.72,1.70402,1.33515,1.91812,0.86917,0.82533,0.88691,0.55313,1.41027,0.91685,1.79869,0.00076735,0.00076735,0.00076735
49,8114.89,1.71046,1.34128,1.93312,0.88816,0.82427,0.89919,0.56244,1.39529,0.90155,1.78467,0.0007624,0.0007624,0.0007624
50,8280.02,1.74484,1.3674,1.94765,0.88494,0.826,0.89909,0.56254,1.40602,0.89302,1.80217,0.00075745,0.00075745,0.00075745
51,8450.79,1.71027,1.32187,1.92954,0.87531,0.82912,0.89827,0.57139,1.38793,0.88555,1.77577,0.0007525,0.0007525,0.0007525
52,8620.21,1.69916,1.31401,1.90532,0.87437,0.83184,0.90322,0.56888,1.39151,0.88352,1.78579,0.00074755,0.00074755,0.00074755
53,8787.87,1.69728,1.32087,1.90033,0.87189,0.84887,0.90043,0.57681,1.37562,0.88989,1.77672,0.0007426,0.0007426,0.0007426
54,8949.06,1.70848,1.32469,1.92569,0.88834,0.8381,0.9061,0.57044,1.3795,0.87977,1.77426,0.00073765,0.00073765,0.00073765
55,9101.74,1.70607,1.31809,1.90807,0.88507,0.83989,0.90471,0.57753,1.37363,0.87782,1.7697,0.0007327,0.0007327,0.0007327
56,9260.25,1.68546,1.29741,1.89891,0.86942,0.85156,0.90899,0.58501,1.34892,0.85567,1.74755,0.00072775,0.00072775,0.00072775
57,9430.76,1.67189,1.2931,1.89402,0.90049,0.83716,0.91348,0.59377,1.33284,0.849,1.73447,0.0007228,0.0007228,0.0007228
58,9596.13,1.68071,1.30915,1.90019,0.88243,0.84185,0.91049,0.59162,1.34851,0.84081,1.73875,0.00071785,0.00071785,0.00071785
59,9761.7,1.69017,1.30155,1.90293,0.87688,0.85048,0.91426,0.59358,1.34825,0.84361,1.74472,0.0007129,0.0007129,0.0007129
60,9935.93,1.66081,1.27698,1.87544,0.8828,0.85354,0.91931,0.60045,1.3237,0.82431,1.71873,0.00070795,0.00070795,0.00070795
61,10103.9,1.68575,1.30505,1.89386,0.87553,0.85401,0.91327,0.59519,1.32863,0.84387,1.71209,0.000703,0.000703,0.000703
62,10271.8,1.6766,1.29216,1.90622,0.88731,0.85265,0.91566,0.59604,1.32976,0.84276,1.71879,0.00069805,0.00069805,0.00069805
63,10441.1,1.6585,1.27127,1.88587,0.88381,0.84267,0.91466,0.59876,1.32088,0.83399,1.71095,0.0006931,0.0006931,0.0006931
64,10610.5,1.66386,1.27663,1.88944,0.88156,0.85527,0.91649,0.60309,1.3099,0.83663,1.71055,0.00068815,0.00068815,0.00068815
65,10780.9,1.65861,1.26557,1.88473,0.89096,0.84659,0.91729,0.59562,1.31573,0.8264,1.71524,0.0006832,0.0006832,0.0006832
66,10951.3,1.66201,1.27116,1.88129,0.8951,0.8531,0.92094,0.59934,1.31521,0.81925,1.71143,0.00067825,0.00067825,0.00067825
67,11123.7,1.649,1.2712,1.88514,0.89184,0.85458,0.91945,0.60557,1.31481,0.82115,1.70962,0.0006733,0.0006733,0.0006733
68,11289.9,1.64033,1.25936,1.87261,0.89427,0.85287,0.91889,0.60155,1.31441,0.82201,1.70022,0.00066835,0.00066835,0.00066835
69,11454.5,1.64187,1.26786,1.88577,0.89848,0.84474,0.91983,0.60881,1.29427,0.82076,1.69423,0.0006634,0.0006634,0.0006634
70,11617.8,1.63169,1.23804,1.86113,0.8984,0.86315,0.92327,0.60917,1.2968,0.80834,1.69175,0.00065845,0.00065845,0.00065845
71,11784.4,1.64909,1.25246,1.86589,0.90394,0.85467,0.9199,0.6111,1.29443,0.80845,1.69389,0.0006535,0.0006535,0.0006535
72,11949.4,1.645,1.24998,1.86322,0.89833,0.85989,0.92161,0.61415,1.2762,0.79636,1.68037,0.00064855,0.00064855,0.00064855
73,12118.4,1.63872,1.24358,1.85675,0.90303,0.85664,0.92415,0.61686,1.27606,0.79724,1.67799,0.0006436,0.0006436,0.0006436
74,12284.5,1.62156,1.226,1.85465,0.89778,0.86946,0.92532,0.62062,1.27151,0.78894,1.67704,0.00063865,0.00063865,0.00063865
75,12452.9,1.62339,1.23629,1.85828,0.90866,0.85304,0.922,0.61713,1.26883,0.79548,1.67175,0.0006337,0.0006337,0.0006337
76,12617.1,1.62698,1.23808,1.86018,0.90059,0.86378,0.92118,0.6174,1.27259,0.79293,1.67531,0.00062875,0.00062875,0.00062875
77,12780.1,1.62695,1.2257,1.85394,0.90982,0.8532,0.92341,0.61524,1.27762,0.79297,1.68294,0.0006238,0.0006238,0.0006238
78,12952.2,1.62162,1.2251,1.8371,0.90173,0.86285,0.92432,0.61719,1.26304,0.78143,1.66222,0.00061885,0.00061885,0.00061885
79,13119.8,1.62574,1.22631,1.84521,0.90639,0.87122,0.92671,0.6266,1.24978,0.77526,1.65564,0.0006139,0.0006139,0.0006139
80,13289.8,1.61355,1.21721,1.83339,0.90518,0.87064,0.92951,0.62722,1.25103,0.76718,1.6576,0.00060895,0.00060895,0.00060895
81,13454.3,1.61295,1.21693,1.83782,0.91396,0.86132,0.92926,0.63118,1.24182,0.75761,1.64696,0.000604,0.000604,0.000604
82,13617.1,1.60104,1.2055,1.83761,0.91174,0.86564,0.93218,0.62823,1.24892,0.75255,1.65641,0.00059905,0.00059905,0.00059905
83,13784.3,1.61721,1.20746,1.82871,0.9114,0.86769,0.93226,0.63316,1.2385,0.74595,1.63955,0.0005941,0.0005941,0.0005941
84,13954.2,1.59527,1.19109,1.82466,0.91595,0.8724,0.9315,0.63587,1.23615,0.75348,1.64044,0.00058915,0.00058915,0.00058915
85,14120.4,1.57173,1.1919,1.83394,0.90875,0.87776,0.93281,0.63606,1.23026,0.7513,1.63589,0.0005842,0.0005842,0.0005842
86,14776.6,1.5912,1.18811,1.80964,0.91366,0.86958,0.93066,0.63732,1.22984,0.75105,1.6414,0.00057925,0.00057925,0.00057925
87,14933.3,1.58342,1.19951,1.82948,0.91165,0.86692,0.93159,0.63967,1.21937,0.75134,1.63149,0.0005743,0.0005743,0.0005743
88,15096.9,1.59718,1.19809,1.82604,0.90093,0.87295,0.93152,0.64269,1.21286,0.75211,1.62679,0.00056935,0.00056935,0.00056935
89,15263.8,1.57172,1.18686,1.81661,0.89831,0.87536,0.933,0.64024,1.21465,0.74027,1.62398,0.0005644,0.0005644,0.0005644
90,15430.5,1.57703,1.18518,1.81993,0.9205,0.85557,0.93048,0.64155,1.21002,0.74303,1.62347,0.00055945,0.00055945,0.00055945
91,15592.6,1.58453,1.17926,1.82186,0.91882,0.86737,0.93273,0.64451,1.20149,0.7345,1.61738,0.0005545,0.0005545,0.0005545
92,15756.9,1.57948,1.17813,1.81939,0.91244,0.87078,0.93136,0.64282,1.20416,0.73825,1.62516,0.00054955,0.00054955,0.00054955
93,15922,1.561,1.18581,1.82208,0.91187,0.8698,0.93307,0.64554,1.19577,0.73008,1.61671,0.0005446,0.0005446,0.0005446
94,16087.4,1.56136,1.16761,1.81227,0.91119,0.8767,0.93498,0.64186,1.2084,0.735,1.62135,0.00053965,0.00053965,0.00053965
95,16254.6,1.57372,1.17608,1.80771,0.9127,0.86445,0.93491,0.64111,1.20723,0.73256,1.61523,0.0005347,0.0005347,0.0005347
96,16421.7,1.56834,1.1705,1.81207,0.90027,0.87768,0.93526,0.64169,1.20615,0.73932,1.62561,0.00052975,0.00052975,0.00052975
97,16584.8,1.56255,1.17043,1.80799,0.90332,0.87753,0.9354,0.64891,1.19388,0.7325,1.61346,0.0005248,0.0005248,0.0005248
98,16745.2,1.55329,1.15487,1.79481,0.91442,0.87255,0.93637,0.65143,1.18437,0.72772,1.60195,0.00051985,0.00051985,0.00051985
99,16907.2,1.56532,1.17089,1.80915,0.90356,0.88056,0.93607,0.65347,1.18379,0.71937,1.59655,0.0005149,0.0005149,0.0005149
100,17078.4,1.56232,1.16155,1.80392,0.90371,0.87743,0.93541,0.65641,1.18179,0.71951,1.59129,0.00050995,0.00050995,0.00050995
101,17246.9,1.56134,1.16542,1.80588,0.90678,0.87411,0.93453,0.65527,1.17536,0.72293,1.58973,0.000505,0.000505,0.000505
102,17411.5,1.53128,1.13322,1.7874,0.91153,0.87866,0.93548,0.65568,1.1721,0.71795,1.58508,0.00050005,0.00050005,0.00050005
103,17576.1,1.55489,1.14657,1.79782,0.91481,0.87404,0.93682,0.65866,1.17306,0.71378,1.58413,0.0004951,0.0004951,0.0004951
104,17735.8,1.54973,1.14488,1.79881,0.91622,0.87549,0.93659,0.66057,1.17343,0.70499,1.58505,0.00049015,0.00049015,0.00049015
105,17896.2,1.54598,1.13701,1.79554,0.92087,0.87469,0.93818,0.66352,1.16494,0.70351,1.5804,0.0004852,0.0004852,0.0004852
106,18056.7,1.54778,1.13807,1.78013,0.91805,0.8818,0.93931,0.65947,1.17141,0.70579,1.58266,0.00048025,0.00048025,0.00048025
107,18221.2,1.52972,1.13208,1.78127,0.91922,0.87967,0.93805,0.65901,1.1686,0.70528,1.57576,0.0004753,0.0004753,0.0004753
108,18385.8,1.53876,1.13598,1.79067,0.92219,0.87129,0.93553,0.65883,1.16524,0.70513,1.5712,0.00047035,0.00047035,0.00047035
109,18554.9,1.53782,1.13827,1.7845,0.93237,0.86996,0.93681,0.66142,1.15504,0.70338,1.56806,0.0004654,0.0004654,0.0004654
110,18717.4,1.53095,1.12823,1.77052,0.92157,0.87409,0.93715,0.66202,1.1548,0.7032,1.56837,0.00046045,0.00046045,0.00046045
111,18885.4,1.51847,1.11997,1.76465,0.9117,0.88224,0.93775,0.66657,1.15176,0.69963,1.56557,0.0004555,0.0004555,0.0004555
112,19052.9,1.52344,1.13333,1.78199,0.91249,0.88109,0.93778,0.66067,1.15601,0.6976,1.57057,0.00045055,0.00045055,0.00045055
113,19215.2,1.51328,1.12055,1.77268,0.92211,0.87288,0.93878,0.65733,1.16471,0.70246,1.57421,0.0004456,0.0004456,0.0004456
114,19378.8,1.52201,1.11727,1.76246,0.9301,0.86908,0.93878,0.66245,1.1589,0.69966,1.57213,0.00044065,0.00044065,0.00044065
115,19540.4,1.52218,1.11874,1.76903,0.91744,0.872,0.93825,0.66391,1.15454,0.69573,1.56921,0.0004357,0.0004357,0.0004357
116,19699.1,1.53939,1.13394,1.7796,0.91536,0.883,0.93893,0.66432,1.15203,0.69409,1.56731,0.00043075,0.00043075,0.00043075
117,19860,1.51736,1.11423,1.76773,0.92036,0.87961,0.9395,0.66524,1.14971,0.69486,1.56454,0.0004258,0.0004258,0.0004258
118,20024.5,1.50508,1.10899,1.75819,0.91678,0.8855,0.93906,0.66609,1.14538,0.69363,1.56313,0.00042085,0.00042085,0.00042085
119,20187.5,1.51876,1.11413,1.76444,0.92535,0.8757,0.93935,0.66728,1.14375,0.69378,1.56238,0.0004159,0.0004159,0.0004159
120,20343.7,1.50941,1.10038,1.75086,0.92185,0.8854,0.94067,0.66824,1.14226,0.68808,1.56313,0.00041095,0.00041095,0.00041095
121,20511.6,1.52178,1.11709,1.76925,0.91677,0.88874,0.9414,0.66913,1.13971,0.68304,1.56195,0.000406,0.000406,0.000406
122,20679.6,1.52861,1.11993,1.76905,0.91363,0.8892,0.94282,0.67118,1.1395,0.68338,1.55948,0.00040105,0.00040105,0.00040105
123,20848.2,1.50126,1.09725,1.7558,0.9101,0.89104,0.94271,0.66979,1.14226,0.68385,1.56105,0.0003961,0.0003961,0.0003961
124,21016.5,1.50879,1.09828,1.75207,0.91294,0.88783,0.94323,0.67098,1.14126,0.68373,1.55853,0.00039115,0.00039115,0.00039115
125,21180.2,1.48855,1.09531,1.74917,0.91039,0.89408,0.94415,0.67177,1.13691,0.68476,1.55585,0.0003862,0.0003862,0.0003862
126,21346.3,1.48377,1.09129,1.74634,0.91591,0.89034,0.944,0.67117,1.13666,0.68381,1.55486,0.00038125,0.00038125,0.00038125
127,21509.2,1.48243,1.09191,1.74277,0.91763,0.88961,0.94443,0.67006,1.14177,0.68582,1.55838,0.0003763,0.0003763,0.0003763
128,21681.4,1.48444,1.09135,1.75112,0.92234,0.89067,0.94513,0.67085,1.13885,0.68401,1.55836,0.00037135,0.00037135,0.00037135
129,21852.3,1.49844,1.08129,1.74014,0.92421,0.88869,0.94486,0.66977,1.13613,0.68287,1.5571,0.0003664,0.0003664,0.0003664
130,22016.1,1.47956,1.07756,1.73289,0.92364,0.88742,0.94497,0.67052,1.13456,0.68219,1.55618,0.00036145,0.00036145,0.00036145
131,22177.9,1.47408,1.07707,1.734,0.92137,0.89036,0.94492,0.67247,1.13392,0.68097,1.55321,0.0003565,0.0003565,0.0003565
132,22341.1,1.49209,1.08753,1.74791,0.92607,0.88825,0.94497,0.67417,1.13395,0.68001,1.5523,0.00035155,0.00035155,0.00035155
133,22505.7,1.47553,1.07485,1.73388,0.92458,0.89175,0.94428,0.67309,1.13301,0.68053,1.54959,0.0003466,0.0003466,0.0003466
134,22671.4,1.47583,1.0859,1.74507,0.92783,0.8866,0.94443,0.67414,1.13326,0.67895,1.54875,0.00034165,0.00034165,0.00034165
135,22835.9,1.48314,1.08193,1.74098,0.92342,0.88733,0.94481,0.67434,1.13215,0.67727,1.54962,0.0003367,0.0003367,0.0003367
136,23000,1.48258,1.0851,1.74053,0.91761,0.89319,0.94498,0.6752,1.12802,0.67581,1.54821,0.00033175,0.00033175,0.00033175
137,23168.1,1.45227,1.0642,1.72775,0.92343,0.89206,0.94572,0.67819,1.12469,0.67352,1.54744,0.0003268,0.0003268,0.0003268
138,23334.4,1.46677,1.06499,1.72453,0.92312,0.89129,0.94547,0.67819,1.12178,0.66894,1.54372,0.00032185,0.00032185,0.00032185
139,23503.8,1.47492,1.07007,1.73876,0.92849,0.88731,0.94604,0.67982,1.12034,0.66631,1.54153,0.0003169,0.0003169,0.0003169
140,23672.7,1.46696,1.06917,1.73649,0.92951,0.88866,0.94547,0.67735,1.12028,0.66551,1.54063,0.00031195,0.00031195,0.00031195
141,23839.5,1.45685,1.06498,1.72956,0.93108,0.88781,0.94587,0.67941,1.12041,0.66452,1.53976,0.000307,0.000307,0.000307
142,23999.6,1.46987,1.05792,1.71752,0.93508,0.88401,0.94531,0.6798,1.11995,0.66191,1.5373,0.00030205,0.00030205,0.00030205
143,24168.9,1.46675,1.05426,1.72452,0.93737,0.88429,0.9459,0.68064,1.11869,0.66139,1.53538,0.0002971,0.0002971,0.0002971
144,24328.5,1.45119,1.05618,1.72576,0.9375,0.88529,0.9459,0.68051,1.11612,0.66126,1.53351,0.00029215,0.00029215,0.00029215
145,24491.9,1.45739,1.06268,1.72514,0.93714,0.88569,0.94573,0.68023,1.11484,0.66029,1.53279,0.0002872,0.0002872,0.0002872
146,24655,1.46572,1.06206,1.721,0.93592,0.88907,0.94608,0.68133,1.11247,0.66042,1.5313,0.00028225,0.00028225,0.00028225
147,24818.8,1.46862,1.07253,1.73879,0.93413,0.89056,0.94712,0.68169,1.11086,0.65872,1.53089,0.0002773,0.0002773,0.0002773
148,24980.8,1.47202,1.06585,1.72189,0.93608,0.89064,0.94664,0.68225,1.11022,0.65815,1.53019,0.00027235,0.00027235,0.00027235
149,25141.7,1.45373,1.06173,1.72312,0.93306,0.89296,0.94672,0.68267,1.10839,0.65852,1.52854,0.0002674,0.0002674,0.0002674
150,25300.5,1.45862,1.06239,1.72041,0.93179,0.89255,0.94722,0.68378,1.10792,0.65783,1.52794,0.00026245,0.00026245,0.00026245
151,25468.3,1.45235,1.047,1.71114,0.93309,0.8917,0.94801,0.68359,1.10804,0.65758,1.52677,0.0002575,0.0002575,0.0002575
152,25637.9,1.43928,1.04725,1.71459,0.93344,0.8918,0.94819,0.68366,1.10797,0.65839,1.5271,0.00025255,0.00025255,0.00025255
153,25808.3,1.45169,1.05602,1.72205,0.93649,0.89032,0.94814,0.68375,1.10758,0.65752,1.52663,0.0002476,0.0002476,0.0002476
154,25976.4,1.44673,1.05277,1.71124,0.9346,0.89351,0.94828,0.68426,1.10602,0.65598,1.52495,0.00024265,0.00024265,0.00024265
155,26141.2,1.43994,1.03625,1.70558,0.93295,0.89384,0.94844,0.68534,1.10464,0.65564,1.52445,0.0002377,0.0002377,0.0002377
156,26307.7,1.43726,1.04243,1.70203,0.93514,0.89276,0.9488,0.68653,1.10318,0.654,1.52367,0.00023275,0.00023275,0.00023275
157,26476.8,1.43414,1.04339,1.70661,0.93498,0.89257,0.9489,0.68707,1.10124,0.65339,1.52269,0.0002278,0.0002278,0.0002278
158,26641.5,1.44887,1.04784,1.71835,0.93545,0.8932,0.94927,0.6877,1.10051,0.65339,1.52206,0.00022285,0.00022285,0.00022285
159,26805.3,1.44516,1.04911,1.71402,0.93734,0.89237,0.94924,0.68873,1.09892,0.65246,1.52027,0.0002179,0.0002179,0.0002179
160,26969.2,1.43208,1.04014,1.71064,0.93524,0.89393,0.94984,0.6899,1.09646,0.65157,1.51813,0.00021295,0.00021295,0.00021295
161,27131.7,1.44854,1.0457,1.71552,0.93646,0.89458,0.9501,0.69076,1.09497,0.65062,1.51665,0.000208,0.000208,0.000208
162,27299.5,1.45866,1.05684,1.72667,0.93276,0.89788,0.95001,0.69198,1.09432,0.65022,1.51604,0.00020305,0.00020305,0.00020305
163,27468.1,1.44041,1.03934,1.7112,0.93378,0.89684,0.95008,0.69242,1.09387,0.6501,1.51536,0.0001981,0.0001981,0.0001981
164,27634.8,1.43975,1.04703,1.71818,0.93176,0.89726,0.94924,0.69125,1.09321,0.65002,1.51458,0.00019315,0.00019315,0.00019315
165,27797.8,1.42027,1.03214,1.70573,0.9299,0.89767,0.94996,0.69275,1.092,0.64867,1.51295,0.0001882,0.0001882,0.0001882
166,27962.7,1.4246,1.03913,1.70592,0.92966,0.8983,0.94998,0.69303,1.09066,0.6478,1.51223,0.00018325,0.00018325,0.00018325
167,28126.8,1.45308,1.06001,1.72703,0.92832,0.8983,0.94954,0.69361,1.0898,0.64734,1.51153,0.0001783,0.0001783,0.0001783
168,28304.7,1.43057,1.02907,1.70062,0.92787,0.89831,0.94961,0.69333,1.08965,0.64728,1.51132,0.00017335,0.00017335,0.00017335
169,28462.2,1.42943,1.03812,1.70547,0.93091,0.89705,0.95029,0.69339,1.08883,0.64634,1.51014,0.0001684,0.0001684,0.0001684
170,28637.9,1.42937,1.03117,1.69903,0.92914,0.89694,0.9503,0.69304,1.08799,0.64523,1.50928,0.00016345,0.00016345,0.00016345
171,28816.8,1.41574,1.02527,1.69294,0.93081,0.89654,0.95048,0.69377,1.08696,0.64477,1.50834,0.0001585,0.0001585,0.0001585
172,28983.2,1.41795,1.03181,1.69545,0.93735,0.88988,0.95055,0.6944,1.08683,0.64413,1.50767,0.00015355,0.00015355,0.00015355
173,29147.3,1.43978,1.03611,1.70586,0.93123,0.89464,0.95031,0.69427,1.08653,0.64351,1.50718,0.0001486,0.0001486,0.0001486
174,29311.3,1.41069,1.01598,1.68599,0.93077,0.89518,0.95042,0.69333,1.08631,0.64256,1.50664,0.00014365,0.00014365,0.00014365
175,29479.5,1.41045,1.02016,1.69563,0.93124,0.89414,0.95035,0.69353,1.0856,0.64124,1.50608,0.0001387,0.0001387,0.0001387
176,29651,1.41036,1.01714,1.69313,0.93143,0.89414,0.94994,0.69323,1.0848,0.64079,1.50537,0.00013375,0.00013375,0.00013375
177,29812.7,1.40445,1.0143,1.67851,0.92978,0.89459,0.95009,0.6945,1.0837,0.64041,1.50426,0.0001288,0.0001288,0.0001288
178,29974.5,1.40362,1.01881,1.68879,0.93109,0.89384,0.95,0.69453,1.08338,0.64008,1.50405,0.00012385,0.00012385,0.00012385
179,30135.9,1.41493,1.01696,1.68575,0.93195,0.89473,0.95027,0.69331,1.08208,0.63918,1.50325,0.0001189,0.0001189,0.0001189
180,30298.9,1.38683,1.00181,1.67128,0.93026,0.89539,0.95009,0.69443,1.08165,0.6383,1.50273,0.00011395,0.00011395,0.00011395
181,30463.1,1.40473,1.01379,1.68346,0.93037,0.89556,0.95029,0.69427,1.08064,0.63812,1.50194,0.000109,0.000109,0.000109
182,30640.5,1.4037,1.01169,1.68072,0.92987,0.89581,0.95042,0.69427,1.07979,0.63847,1.50079,0.00010405,0.00010405,0.00010405
183,30807.9,1.40849,1.02532,1.69801,0.93084,0.89577,0.95048,0.69499,1.07887,0.63793,1.50019,9.91e-05,9.91e-05,9.91e-05
184,30968.2,1.40426,1.01445,1.68631,0.93072,0.89645,0.9504,0.69517,1.07815,0.63714,1.4994,9.415e-05,9.415e-05,9.415e-05
185,31124.6,1.39039,0.99701,1.67411,0.92894,0.89805,0.95051,0.69483,1.07801,0.63734,1.49905,8.92e-05,8.92e-05,8.92e-05
186,31290.1,1.4089,1.02622,1.69643,0.93076,0.89725,0.95053,0.6947,1.078,0.63736,1.49883,8.425e-05,8.425e-05,8.425e-05
187,31460,1.40387,1.00497,1.68483,0.92972,0.89823,0.9508,0.69481,1.07757,0.63686,1.49921,7.93e-05,7.93e-05,7.93e-05
188,31625.2,1.40311,1.00842,1.68027,0.92951,0.89866,0.95089,0.69537,1.07734,0.63626,1.49876,7.435e-05,7.435e-05,7.435e-05
189,31787.5,1.39673,1.00355,1.67126,0.92928,0.89907,0.95082,0.69504,1.07694,0.63636,1.49862,6.94e-05,6.94e-05,6.94e-05
190,31950.9,1.39977,1.00968,1.68293,0.92805,0.89933,0.95083,0.69511,1.07716,0.63611,1.4985,6.445e-05,6.445e-05,6.445e-05
191,32160.1,1.13446,0.74517,1.52246,0.92905,0.89899,0.95039,0.69532,1.07668,0.63556,1.49773,5.95e-05,5.95e-05,5.95e-05
192,32321.1,1.12573,0.73536,1.52142,0.92868,0.89929,0.95073,0.69623,1.07569,0.63501,1.49736,5.455e-05,5.455e-05,5.455e-05
193,32487.1,1.12283,0.72585,1.51831,0.92977,0.89933,0.95107,0.69629,1.07482,0.6344,1.49663,4.96e-05,4.96e-05,4.96e-05
194,32644.9,1.11443,0.71822,1.51202,0.93039,0.899,0.95102,0.69623,1.0741,0.63364,1.49579,4.465e-05,4.465e-05,4.465e-05
195,32800.9,1.10616,0.71721,1.50897,0.93159,0.8985,0.95124,0.69664,1.07306,0.63348,1.49512,3.97e-05,3.97e-05,3.97e-05
196,32963.9,1.10147,0.71224,1.49979,0.92941,0.899,0.95079,0.69686,1.07181,0.63317,1.49421,3.475e-05,3.475e-05,3.475e-05
197,33123.9,1.11271,0.71871,1.50846,0.92961,0.8992,0.95109,0.69667,1.0716,0.63302,1.49394,2.98e-05,2.98e-05,2.98e-05
198,33283.8,1.10946,0.71567,1.51242,0.93073,0.89794,0.95094,0.6965,1.07093,0.63282,1.49332,2.485e-05,2.485e-05,2.485e-05
199,33447.3,1.10434,0.71783,1.5121,0.9322,0.8973,0.951,0.69671,1.07065,0.63282,1.49292,1.99e-05,1.99e-05,1.99e-05
200,33609.9,1.10537,0.71372,1.50507,0.93172,0.89767,0.95088,0.69649,1.07082,0.63287,1.49287,1.495e-05,1.495e-05,1.495e-05
